<?xml version="1.0" encoding="UTF-8"?>
<configuration debug="true">
    <!-- 项目名称 -->
    <property name="PROJECT_NAME" value="efficacy" />

    <!--定义日志文件的存储地址-->
    <property name="LOG_HOME" value="./logs" />

    <!-- 控制台输出 -->
    <appender name="STDOUT" class="ch.qos.logback.core.ConsoleAppender">
        <encoder class="ch.qos.logback.classic.encoder.PatternLayoutEncoder">
            <!--格式化输出：%d表示日期，%thread表示线程名，%-5level：级别从左显示5个字符宽度%msg：日志消息，%n是换行符-->
            <pattern>[%d{yyyy-MM-dd HH:mm:ss.SSS}] [%thread] %highlight([%-5level] %logger{50} - %msg%n)</pattern>
            <charset>UTF-8</charset>
        </encoder>
    </appender>

    <!-- 系统错误日志文件 -->
    <appender name="FILE"  class="ch.qos.logback.core.rolling.RollingFileAppender">
        <!-- 过滤器，只打印ERROR级别的日志 -->
        <filter class="ch.qos.logback.classic.filter.LevelFilter">
            <level>INFO</level>
            <onMatch>ACCEPT</onMatch>
            <onMismatch>DENY</onMismatch>
        </filter>
        <rollingPolicy class="ch.qos.logback.core.rolling.SizeAndTimeBasedRollingPolicy">
            <!--日志文件输出的文件名-->
            <FileNamePattern>${LOG_HOME}/applog-%d{yyyyMMdd}-%i.log</FileNamePattern>
            <!--日志文件保留天数-->
            <MaxHistory>60</MaxHistory>
            <!--日志文件最大的大小-->
            <MaxFileSize>300MB</MaxFileSize>
        </rollingPolicy>

        <encoder class="ch.qos.logback.classic.encoder.PatternLayoutEncoder">
            <!--格式化输出：%d表示日期，%thread表示线程名，%-5level：级别从左显示5个字符宽度%msg：日志消息，%n是换行符-->
            <pattern>[%d{yyyy-MM-dd HH:mm:ss.SSS}] [%thread] [%-5level] %logger{50} - %msg%n</pattern>
            <charset>UTF-8</charset>
        </encoder>
    </appender>

    <!-- 日志输出级别 -->
    <root level="INFO">
        <appender-ref ref="STDOUT" />
        <appender-ref ref="FILE" />
    </root>
</configuration>